{"cameraMode":{"drawMode":0,"name":"Shaded","section":"Shading Mode"},"sceneLighting":false,"audioPlay":false,"sceneViewState":{"m_AlwaysRefresh":false,"showFog":true,"showSkybox":false,"showFlares":true,"showImageEffects":true,"showParticleSystems":true,"showVisualEffectGraphs":true,"m_FxEnabled":true},"in2DMode":false,"pivot":{"x":-1.6249735355377198,"y":0.7220802903175354,"z":0.21578817069530488},"rotation":{"x":0.15425677597522736,"y":0.5721203088760376,"z":-0.11035658419132233,"w":0.7980435490608215},"size":0.17868587374687196,"orthographic":false}