{"cameraMode":{"drawMode":0,"name":"Shaded","section":"Shading Mode"},"sceneLighting":true,"audioPlay":false,"sceneViewState":{"m_AlwaysRefresh":false,"showFog":true,"showSkybox":true,"showFlares":true,"showImageEffects":true,"showParticleSystems":true,"showVisualEffectGraphs":true,"m_FxEnabled":true},"in2DMode":false,"pivot":{"x":13.851686477661133,"y":0.1668923795223236,"z":-20.213153839111329},"rotation":{"x":0.0020622792653739454,"y":0.9690057635307312,"z":-0.012174771167337895,"w":0.24813705682754517},"size":11.340293884277344,"orthographic":false}