{"cameraMode":{"drawMode":0,"name":"Shaded","section":"Shading Mode"},"sceneLighting":true,"audioPlay":false,"sceneViewState":{"m_AlwaysRefresh":false,"showFog":true,"showSkybox":true,"showFlares":true,"showImageEffects":true,"showParticleSystems":true,"showVisualEffectGraphs":true,"m_FxEnabled":true},"in2DMode":false,"pivot":{"x":550.0787353515625,"y":24.54361915588379,"z":665.7471313476563},"rotation":{"x":0.002382929204031825,"y":0.9935790300369263,"z":-0.027807964012026788,"w":0.11049270629882813},"size":6.298198223114014,"orthographic":false}