{"cameraMode":{"drawMode":0,"name":"Shaded","section":"Shading Mode"},"sceneLighting":true,"audioPlay":false,"sceneViewState":{"m_AlwaysRefresh":false,"showFog":true,"showSkybox":true,"showFlares":true,"showImageEffects":true,"showParticleSystems":true,"showVisualEffectGraphs":true,"m_FxEnabled":true},"in2DMode":false,"pivot":{"x":-1.3622881174087525,"y":0.11659177392721176,"z":1.3332562446594239},"rotation":{"x":-0.24826475977897645,"y":0.4481160044670105,"z":-0.1339869648218155,"w":-0.8486423492431641},"size":2.167261838912964,"orthographic":false}