{"cameraMode":{"drawMode":0,"name":"Shaded","section":"Shading Mode"},"sceneLighting":true,"audioPlay":false,"sceneViewState":{"m_AlwaysRefresh":false,"showFog":true,"showSkybox":true,"showFlares":true,"showImageEffects":true,"showParticleSystems":true,"showVisualEffectGraphs":true,"m_FxEnabled":true},"in2DMode":false,"pivot":{"x":546.8948364257813,"y":24.203174591064454,"z":678.6016235351563},"rotation":{"x":0.07150748372077942,"y":-0.1428304761648178,"z":0.010331336408853531,"w":0.9871286153793335},"size":3.6013035774230959,"orthographic":false}