{"cameraMode":{"drawMode":0,"name":"Shaded","section":"Shading Mode"},"sceneLighting":true,"audioPlay":false,"sceneViewState":{"m_AlwaysRefresh":false,"showFog":true,"showSkybox":true,"showFlares":true,"showImageEffects":true,"showParticleSystems":true,"showVisualEffectGraphs":true,"m_FxEnabled":true},"in2DMode":false,"pivot":{"x":28.43361473083496,"y":-127.07239532470703,"z":140.5056915283203},"rotation":{"x":0.36634230613708498,"y":0.12170077860355377,"z":-0.04834401607513428,"w":0.9217389225959778},"size":109.54283905029297,"orthographic":false}