{"cameraMode":{"drawMode":0,"name":"Shaded","section":"Shading Mode"},"sceneLighting":true,"audioPlay":false,"sceneViewState":{"m_AlwaysRefresh":false,"showFog":true,"showSkybox":true,"showFlares":true,"showImageEffects":true,"showParticleSystems":true,"showVisualEffectGraphs":true,"m_FxEnabled":true},"in2DMode":false,"pivot":{"x":477.1845397949219,"y":46.608360290527347,"z":617.0048217773438},"rotation":{"x":0.03595016524195671,"y":0.9328173995018005,"z":-0.3509591519832611,"w":0.08107127994298935},"size":0.8660253882408142,"orthographic":false}