{"cameraMode":{"drawMode":0,"name":"Shaded","section":"Shading Mode"},"sceneLighting":true,"audioPlay":false,"sceneViewState":{"m_AlwaysRefresh":false,"showFog":true,"showSkybox":true,"showFlares":true,"showImageEffects":true,"showParticleSystems":true,"showVisualEffectGraphs":true,"m_FxEnabled":true},"in2DMode":false,"pivot":{"x":549.7606811523438,"y":24.759977340698243,"z":676.4043579101563},"rotation":{"x":-0.11717057228088379,"y":-0.08750321716070175,"z":0.010359248146414757,"w":-0.9892153739929199},"size":6.6739702224731449,"orthographic":false}