{"cameraMode":{"drawMode":0,"name":"Shaded","section":"Shading Mode"},"sceneLighting":true,"audioPlay":false,"sceneViewState":{"m_AlwaysRefresh":false,"showFog":true,"showSkybox":true,"showFlares":true,"showImageEffects":true,"showParticleSystems":true,"showVisualEffectGraphs":true,"m_FxEnabled":true},"in2DMode":false,"pivot":{"x":599.5829467773438,"y":-255.92079162597657,"z":356.58380126953127},"rotation":{"x":-0.008632143028080464,"y":-0.9071727395057678,"z":0.4218352735042572,"w":-0.009612013585865498},"size":195.66831970214845,"orthographic":false}