{"cameraMode":{"drawMode":0,"name":"Shaded","section":"Shading Mode"},"sceneLighting":true,"audioPlay":false,"sceneViewState":{"m_AlwaysRefresh":false,"showFog":true,"showSkybox":true,"showFlares":true,"showImageEffects":true,"showParticleSystems":true,"showVisualEffectGraphs":true,"m_FxEnabled":true},"in2DMode":false,"pivot":{"x":232.59817504882813,"y":31.579755783081056,"z":251.79454040527345},"rotation":{"x":0.1693313866853714,"y":-0.6604580283164978,"z":0.15981100499629975,"w":0.7143213152885437},"size":3.331758499145508,"orthographic":false}