{"cameraMode":{"drawMode":0,"name":"Shaded","section":"Shading Mode"},"sceneLighting":true,"audioPlay":false,"sceneViewState":{"m_AlwaysRefresh":false,"showFog":true,"showSkybox":true,"showFlares":true,"showImageEffects":true,"showParticleSystems":true,"showVisualEffectGraphs":true,"m_FxEnabled":true},"in2DMode":false,"pivot":{"x":-69.63440704345703,"y":33.19157028198242,"z":-55.809879302978519},"rotation":{"x":-0.07013197988271713,"y":-0.13187086582183839,"z":0.009391332045197487,"w":-0.9888167977333069},"size":9.076153755187989,"orthographic":false}