{"cameraMode":{"drawMode":0,"name":"Shaded","section":"Shading Mode"},"sceneLighting":true,"audioPlay":false,"sceneViewState":{"m_AlwaysRefresh":false,"showFog":true,"showSkybox":true,"showFlares":true,"showImageEffects":true,"showParticleSystems":true,"showVisualEffectGraphs":true,"m_FxEnabled":true},"in2DMode":false,"pivot":{"x":48.57274627685547,"y":46.96687698364258,"z":75.95848846435547},"rotation":{"x":-0.16850095987319947,"y":0.34894707798957827,"z":0.06654383987188339,"w":0.9198054075241089},"size":0.6437044739723206,"orthographic":false}