{"cameraMode":{"drawMode":0,"name":"Shaded","section":"Shading Mode"},"sceneLighting":true,"audioPlay":false,"sceneViewState":{"m_AlwaysRefresh":false,"showFog":true,"showSkybox":true,"showFlares":true,"showImageEffects":true,"showParticleSystems":true,"showVisualEffectGraphs":true,"m_FxEnabled":true},"in2DMode":false,"pivot":{"x":499.0237731933594,"y":16.189964294433595,"z":695.6718139648438},"rotation":{"x":0.015466071665287018,"y":-0.7465744614601135,"z":0.007518722675740719,"w":0.6662664413452148},"size":18.786977767944337,"orthographic":false}