{"cameraMode":{"drawMode":0,"name":"Shaded","section":"Shading Mode"},"sceneLighting":false,"audioPlay":false,"sceneViewState":{"m_AlwaysRefresh":false,"showFog":false,"showSkybox":false,"showFlares":false,"showImageEffects":false,"showParticleSystems":false,"showVisualEffectGraphs":true,"m_FxEnabled":true},"in2DMode":false,"pivot":{"x":0.011499768123030663,"y":0.033228229731321338,"z":0.05271844193339348},"rotation":{"x":-0.01066763885319233,"y":0.9786432981491089,"z":-0.19830426573753358,"w":-0.062034185975790027},"size":0.027438461780548097,"orthographic":false}