{"cameraMode":{"drawMode":0,"name":"Shaded","section":"Shading Mode"},"sceneLighting":false,"audioPlay":false,"sceneViewState":{"m_AlwaysRefresh":false,"showFog":false,"showSkybox":false,"showFlares":false,"showImageEffects":false,"showParticleSystems":false,"showVisualEffectGraphs":true,"m_FxEnabled":true},"in2DMode":false,"pivot":{"x":10.775736808776856,"y":2.4260623455047609,"z":-1.7245218753814698},"rotation":{"x":0.017101841047406198,"y":0.7484098076820374,"z":-0.019328031688928605,"w":0.6627851128578186},"size":6.3392229080200199,"orthographic":false}