{"cameraMode":{"drawMode":0,"name":"Shaded","section":"Shading Mode"},"sceneLighting":false,"audioPlay":false,"sceneViewState":{"m_AlwaysRefresh":false,"showFog":false,"showSkybox":false,"showFlares":false,"showImageEffects":false,"showParticleSystems":false,"showVisualEffectGraphs":true,"m_FxEnabled":true},"in2DMode":false,"pivot":{"x":-0.5555407404899597,"y":2.3650972843170168,"z":-1.049975872039795},"rotation":{"x":0.003357135457918048,"y":0.9758968949317932,"z":-0.2205919474363327,"w":0.0007497888873331249},"size":1.251023292541504,"orthographic":false}