{"cameraMode":{"drawMode":0,"name":"Shaded","section":"Shading Mode"},"sceneLighting":true,"audioPlay":false,"sceneViewState":{"m_AlwaysRefresh":false,"showFog":true,"showSkybox":true,"showFlares":true,"showImageEffects":true,"showParticleSystems":true,"showVisualEffectGraphs":true,"m_FxEnabled":true},"in2DMode":false,"pivot":{"x":-17.239273071289064,"y":-3.0231680870056154,"z":-29.694555282592775},"rotation":{"x":-0.014010336250066758,"y":0.973332405090332,"z":-0.06939816474914551,"w":-0.2201005220413208},"size":19.055856704711915,"orthographic":false}