{"cameraMode":{"drawMode":0,"name":"Shaded","section":"Shading Mode"},"sceneLighting":true,"audioPlay":false,"sceneViewState":{"m_AlwaysRefresh":false,"showFog":true,"showSkybox":true,"showFlares":true,"showImageEffects":true,"showParticleSystems":true,"showVisualEffectGraphs":true,"m_FxEnabled":true},"in2DMode":false,"pivot":{"x":3.3404054641723635,"y":-0.20494353771209718,"z":9.035033226013184},"rotation":{"x":-0.17071253061294557,"y":0.11968383193016052,"z":-0.02099684439599514,"w":-0.9780768752098084},"size":10.099714279174805,"orthographic":false}