{"cameraMode":{"drawMode":0,"name":"Shaded","section":"Shading Mode"},"sceneLighting":true,"audioPlay":false,"sceneViewState":{"m_AlwaysRefresh":false,"showFog":true,"showSkybox":true,"showFlares":true,"showImageEffects":true,"showParticleSystems":true,"showVisualEffectGraphs":true,"m_FxEnabled":true},"in2DMode":false,"pivot":{"x":0.31474605202674868,"y":2.0134379863739015,"z":-0.5673615336418152},"rotation":{"x":-0.18657028675079347,"y":0.4855899214744568,"z":-0.11224889755249024,"w":-0.8473808765411377},"size":0.9628508687019348,"orthographic":false}