{"cameraMode":{"drawMode":0,"name":"Shaded","section":"Shading Mode"},"sceneLighting":false,"audioPlay":false,"sceneViewState":{"m_AlwaysRefresh":false,"showFog":false,"showSkybox":false,"showFlares":false,"showImageEffects":false,"showParticleSystems":false,"showVisualEffectGraphs":true,"m_FxEnabled":true},"in2DMode":false,"pivot":{"x":1.0050798654556275,"y":1.8467813730239869,"z":-1.4547983407974244},"rotation":{"x":0.10826090723276138,"y":-0.8825650811195374,"z":0.24884282052516938,"w":0.3840469717979431},"size":1.5073950290679932,"orthographic":false}