{"cameraMode":{"drawMode":0,"name":"Shaded","section":"Shading Mode"},"sceneLighting":false,"audioPlay":false,"sceneViewState":{"m_AlwaysRefresh":false,"showFog":false,"showSkybox":false,"showFlares":false,"showImageEffects":false,"showParticleSystems":false,"showVisualEffectGraphs":true,"m_FxEnabled":true},"in2DMode":false,"pivot":{"x":3.448301315307617,"y":0.3652160167694092,"z":-11.042240142822266},"rotation":{"x":0.011968798004090786,"y":0.9873089790344238,"z":-0.09089913964271546,"w":0.12987515330314637},"size":7.9435906410217289,"orthographic":false}