{"cameraMode":{"drawMode":0,"name":"Shaded","section":"Shading Mode"},"sceneLighting":false,"audioPlay":false,"sceneViewState":{"m_AlwaysRefresh":false,"showFog":false,"showSkybox":false,"showFlares":false,"showImageEffects":false,"showParticleSystems":false,"showVisualEffectGraphs":true,"m_FxEnabled":true},"in2DMode":false,"pivot":{"x":2.4008898735046388,"y":1.4565738439559937,"z":0.5501478910446167},"rotation":{"x":0.07561522722244263,"y":0.6918976306915283,"z":-0.06879833340644837,"w":0.7154555320739746},"size":3.6312272548675539,"orthographic":false}