{"cameraMode":{"drawMode":0,"name":"Shaded","section":"Shading Mode"},"sceneLighting":false,"audioPlay":false,"sceneViewState":{"m_AlwaysRefresh":false,"showFog":true,"showSkybox":false,"showFlares":true,"showImageEffects":true,"showParticleSystems":true,"showVisualEffectGraphs":true,"m_FxEnabled":true},"in2DMode":false,"pivot":{"x":0.001972377300262451,"y":-0.04193506017327309,"z":0.36141908168792727},"rotation":{"x":0.21665841341018678,"y":-0.6720308065414429,"z":0.21587593853473664,"w":0.6745143532752991},"size":0.3869607746601105,"orthographic":false}