{"cameraMode":{"drawMode":0,"name":"Shaded","section":"Shading Mode"},"sceneLighting":false,"audioPlay":false,"sceneViewState":{"m_AlwaysRefresh":false,"showFog":true,"showSkybox":false,"showFlares":true,"showImageEffects":true,"showParticleSystems":true,"showVisualEffectGraphs":true,"m_FxEnabled":true},"in2DMode":false,"pivot":{"x":-0.10114771127700806,"y":0.27424633502960207,"z":0.6017448902130127},"rotation":{"x":0.09514877945184708,"y":-0.5638138055801392,"z":0.06557464599609375,"w":0.8178633451461792},"size":0.5039235949516296,"orthographic":false}