{"cameraMode":{"drawMode":0,"name":"Shaded","section":"Shading Mode"},"sceneLighting":false,"audioPlay":false,"sceneViewState":{"m_AlwaysRefresh":false,"showFog":true,"showSkybox":false,"showFlares":true,"showImageEffects":true,"showParticleSystems":true,"showVisualEffectGraphs":true,"m_FxEnabled":true},"in2DMode":false,"pivot":{"x":18.374513626098634,"y":0.453000009059906,"z":4.928351402282715},"rotation":{"x":0.008634330704808236,"y":0.9808129072189331,"z":-0.1916252076625824,"w":0.04984642192721367},"size":0.8660253882408142,"orthographic":false}